{
	"version": 2,
	"title": "Black and white",
	"settings": {
		"color": {
			"palette": [
				{
					"slug": "background",
					"color": "#ffffff",
					"name": "Background"
				},
				{
					"slug": "foreground",
					"color": "#1d2327",
					"name": "Foreground"
				},
				{
					"slug": "primary",
					"color": "#1d2327",
					"name": "Primary"
				},
				{
					"slug": "secondary",
					"color": "#fafafa",
					"name": "Secondary"
				}
			]
		},
		"custom": {
			"text-shadow": "0 2px 2px rgba(0, 0, 0, 0.2);",
			"button-shadow": "0 4px 4px 0 rgba(0, 0, 0, 0.2)",
			"blwbmkr-pattern-header-image": "16px solid"
		}
	}
}
